http://www.dentistry.nus.edu.sg/public/dental/fwc7.jpg
http://kensingtondental.co.uk/gifs/patientsix7.jpg
http://upload.wikimedia.org/wikipedia/en/thumb/5/51/Fractured_MOD_comp_-_EXT_let.jpg/300px-Fractured_MOD_comp_-_EXT_let.jpg
http://www.sandyspringsdental.com/general_clip_image018_0001.gif
http://www.jerseydentist.com/assets/library_pics/image040.jpg
http://www.vetmed.ucdavis.edu/vsr/dentistry/images/dentfig1.gif
http://c1-preview.prosites.com/17305/ed/pageServicePhoto/947bc911-2c5a-4346-83fc-4cad06a9323b_lg.jpg
http://kartdl.com/images/crown.jpg
http://www.dentaloptions.ie/images/implants/CASE119002.jpg
http://www.wydent.com/images/crown_bridge.jpg
http://www.aacd.com.au/i/removal%20partial%20denture.jpg
http://www.nature.com/bdj/journal/v194/n9/images/4810184-i1.jpg
http://www.davidlburnsdds.com/images/teeth2.jpg
http://www.wellnessdentalcare.com/articles/images/before%20and%20after%20pics/FC3.jpg
http://www.sandyspringsdental.com/Images/general_clip_image011_0001.gif
http://keatingdentalarts.com/Gallery/p7hg_img_1/fullsize/procera_fs.jpg
http://adventdds.com/images/crown.gif
http://www.theonlinepractice.com/pro/images/250x250/22284.jpg
http://iridiumsmile.com/images/service_2.jpg
http://www.dentalcompare.com/images/newproduct/679.gif
http://www.reading-dentist.com/cosmetic/images/before_afters/gummy4.jpg
http://www.is.wayne.edu/mnissani/bruxnet/fig5a.jpe
http://i123.photobucket.com/albums/o313/crowndental/implants050.jpg
http://www.dentalhealthcenter.com/images/cerec3after.jpg
http://www.aacd.com.au/i/photo-veneers.jpg
http://www.dentiworks.biz/images/dentiworks%20web/madbefore1x1.jpg
http://www.alphadental.cn/images/1218719892.jpg
http://www.altland.ru/i/partners/mitradent/12.jpg
http://www.yzjdentallab.com/english/Admin/Product10/ProImage2/00000201.gif
http://www.dowellfamilydentistry.com/old/images/partial2.jpg
http://www.extrememakeovers-bocaraton.com/images/Dana-after-smile.jpg
http://www.joethedentist.com/f1after.jpg
http://www.greatsmilesbirmingham.com/images/cosmetic/implants2.jpg
http://www.elveslab.com/Project4/images/After%20veneer.jpg
http://www.drtooth.hu/img/topic/crowns_and_bridges/11b.jpg
http://www.parker-dental.com/images/pics/bonded_after.jpg
http://0048f55.netsolhost.com/images/before-after/lebeau-b.jpg
http://www.dochemp.com/images/cd1b128.jpg
http://orodentalcare.com/images/inner/inner-links/clip_image002.jpg
http://www.dental.chiangmai-thai.com/_borders/crown3.jpg
http://www.ocdentalcenter.com/images/procelian_crowns_teeth6_large.jpg
http://content.answers.com/main/content/wp/en/thumb/4/41/275px-DSCN0126.jpg
http://www.drbobdeverett.com/nl/images/Crown%20upper.JPG
http://www.drtooth.hu/img/topic/crowns_and_bridges/th_02a.jpg
http://www.cosmeticdentistchesterfield.com/images/FC4.jpg
http://www.smiles4everyone.com/images/veneers.jpg
http://www.savingadvice.com/images/blog/hellokittytooth.gif
http://www.parker-dental.com/images/pics/implants_after.jpg
http://www.drtooth.hu/img/topic/crowns_and_bridges/11a.jpg
http://0048f55.netsolhost.com/images/before-after/lebeau-a.jpg
http://www.revelstokedental.com/images/bridge.jpg
http://www.dentalindia.com/hrf5.jpg
http://www.hosmatnet.com/images/dental13.jpg
http://www.newcastledental.net/images/restorative/1.jpg
http://allwestdental.com/common/uploads/gallery/1204663636-photo2-15022.jpg
http://www.privatehealth.co.uk/EasysiteWeb/getresource.axd?AssetID=89&type=full&servicetype=inline&customSizeId=0
http://www.suwaneedental.com/cosmetic/Scott/initial%20left%20occ-300.jpg
http://www.udent.com/info/images/spacemaintainer.jpg
http://www.dentistrybydesign.com.au/Userfiles/Case_Studies/porcelain_crown/C2_After.jpg
http://www.netconnection.us/sezer/veneers_6_big.gif
http://drdwengen.com/images/beth2.jpg
http://www.renishaw.com/media/img/gen/3bc0b567ffbe4ecc8c0dad554284538f.jpg
http://c1-preview.prosites.com/25299/wy/images/IMG_2791.JPG
http://www.homedentalcenter.com/images/Case-crown-length.jpg
http://i123.photobucket.com/albums/o313/crowndental/TonVanFinal.jpg
http://www.patriotdentalgroup.com/uploads/Image/bondafter.jpg
http://www.iti.org/img/05case/04ind04/case03/belser4_07.jpg
http://www.wyliekidsdds.com/images/thumbsucking1.jpg
http://aevh.com/images/case_studies/Apollo_03.jpg
http://youvansdental.com/yahoo_site_admin/assets/images/captek.90104223_std.jpg
http://i209.photobucket.com/albums/bb299/1CrownDental/MartinNguyen017.jpg
http://www.michiganreconstructiveimplantdentistry.com/images/rapid_ortho3.jpg
http://www.accentu8dental.com.au/attachments/Image/DSCN2842.JPG
http://www.dentalbangkokclinic.com/dentalbangkokthailand/thonglordentalclinicthailand/images/all-ceramic_bangkokdental_1.gif
http://www.smileartistry.com.au/files/smile-gallery-before/imp-pt7-before-io.jpg
http://orodentalcare.com/images/inner/crowns-img-01.jpg
http://i123.photobucket.com/albums/o313/crowndental/088.jpg
http://www.smileandhealth.com/images/p_40165.jpg
http://i209.photobucket.com/albums/bb299/1CrownDental/MartinNguyen091.jpg
http://www.iti.org/img/05case/04ind04/case03/belser4_20.jpg
http://images.pennnet.com/articles/de/thm/th_0701derem.jpg
http://www.aacd.com.au/i/immediate_bicuspid_replacement.jpg
http://www.dentistbangkok.net/dentalbangkokthailand/thonglordentalclinicthailand/images/lnlay-onlay_dentalthailand_4.gif
http://www.fineartceramics.co.uk/site/case-studies/dynamic_pictures/epsn0002.jpg
http://implantblog.files.wordpress.com/2007/12/pre-op-full-smile-hawary.jpg
http://stanleymarkmandds.com/images/worn-teeth-app2.jpg
http://www.johnsdental.com/images/ortho/fixpics/pendulum/Pendulum.jpg
http://www.dentalpro.org/images/crown/crown-6.jpg
http://www.dominiondentistry.com/data_bridge7.jpg
http://multifacilitydentalclinic.com/gifs/new-images/missing-tooths.jpg
http://www.dracharya.in/images/steelcrown1.jpg
http://www.tmjcherin.com/images/photo_nti_appliance.jpg
http://img.alibaba.com/photo/207243850/Porcelain_Crown_Precious_Alloy_.summ.jpg
http://www.newteeth.co.uk/Web%20Pics/Examples4s.JPG
http://drjaimevergara.com/imagen/BARIM1.jpg
http://www.pacaf.af.mil/shared/media/photodb/photos/080819-F-9921J-026.jpg
http://starsmile.com/images/case1_after.jpg
http://budapestdentist.com/images/atlas/B1436.jpg
http://www.brucedental.com/images/whitening.jpg
http://www.prowestdentallab.com/global/images/gallery/case02_3.jpg
http://www.mollisonwaydentist.com/pagepix/veneerslaminatesjpg
http://www.midtowndentistrynyc.com/images/empress.gif
http://www.foxdentallab.com/foxdentallab/images/Parafunctional-control-black-icon.jpg
http://www.nightmarefactory.com/SCG112.jpg
http://www.todaysdentistry.com.au/images/implant-3.jpg
http://www.yellow-net.com/esquire-dental-centres/dental-implants-cases/tn_implants-06-before.jpg
http://www.dentalpro.org/images/crown/crown-3.jpg
http://dralimattardentalcentre.com/Our%20Services_files/teethwhitening_tetracycline_beforeafter.jpg
http://www.swiftdental.co.uk/assets/sitewide/crown-and-bridge-sml2.jpg
http://www.dentalaegis.com/uploadedImages/Publications/FERD/2005October/KOKICH/Kokich_04B_small.jpg
http://www.geocities.com/drkhosla1/Images/diasaft.jpg
http://www.drtooth.hu/img/topic/crowns_and_bridges/12a.jpg
http://www.edentalsolutions.net/graphics/sub/Services/CrownBefore.jpg
http://www.contemporaryestheticsonline.com/content/CERP/2007/01/img/f30.jpg
http://www.accentu8dental.com.au/attachments/Image/DSCN2970.JPG
http://appletondental.ca/images/veneers.gif
http://208.106.195.159/images/6.gif
http://www.orthodonticproductsonline.com/issues/images/2008-02/2008-02_02-01.jpg
http://www.mitchlabs.com/images/mdl-pic.jpg
http://www.danielecantarella.net/wp-content/uploads/2008/07/crowns-after-r-300x134.jpg
http://www.cda.org/library/cda_member/pubs/journal/jour1101/rationale_f24_27.jpg
http://www.chicodental.com/media/beforeafter/badteeth.jpg
http://www.dydent.com/graphics/pcrown-med.jpg
http://www.sonorandentaldesign.com/images/pic/lasers$01.jpg
http://www.michiganreconstructiveimplantdentistry.com/images/rapid_ortho2.jpg
http://www.nature.com/bdj/journal/v194/n9/images/4810184-i7.jpg
http://www.sunny-smiles.co.uk/brushing_teeth_dentist.jpg
http://laserdentalcenteroffice.com/images/mfcrowns.jpg
http://www.dentistry.nus.edu.sg/public/dental/fwc16.jpg
http://www.alamedaeast.com/images/case_studies/Apollo_02.jpg
http://dentistmexicocity.com/images/atlas/937.jpg
http://www.michianadental.com/images/ortho04.jpg
http://www.bicon.com/cases/c_images/DC/DC23.jpg
http://teethtalk.org/images/office_smile.jpg
http://www.managerslogin.com/sites/folder16943/site_images_system/user/pitfissure.jpg
http://orodentalcare.com/images/inner/crowns-img-02.jpg
http://www.managerslogin.com/sites/folder16943/site_images_system/user/crown_bridge.jpg
http://indirectbonding.com/hires-images/image1-3d-photo2.jpg
http://www.orthodonticproductsonline.com/issues/images/2008-10/2008-10_09-07.jpg
http://www.vetmed.ucdavis.edu/vsr/dentistry/images/dentfig3.gif
http://www.chicodental.com/media/beforeafter/fillings.jpg
http://www.bookmarkevents.com/images/188_post-surgery_healing_caps.JPG
http://www.yzjdentallab.com/english/Admin/Product10/ProImage2/00000191.gif
http://www.implantconsultants.com/customImages/copingplaced.jpg
http://henegarlab.com/images/beforeafterprocera.gif
http://allwestdental.com/common/uploads/gallery/1204663636-photo1-14932.jpg
http://www.dentistrybydesign.com.au/Userfiles/Case_Studies/porcelain_crown/C2_Before.jpg
http://budapestdentist.com/images/atlas/129193221741ab7747de48f5.04993677.gif
http://budapestdentist.com/images/atlas/176426938840609812642dd8.87613495.JPG
http://www.nus.sg/NUSinfo/DENT/public/dental/fwc4.jpg
http://www.medimatch.co.uk/_images/dental_four.png
http://truenorthdentistry.com/_img/service_bridge.jpg
http://www.kashidentalhospital.com/new/kashi_image/service_aesthetic_veneers_ipscompare.jpg
http://www.newteeth.co.uk/Web%20Pics/Examples5.JPG
http://www.chicago-dentist.us/dynamicdata/uploadImages/Snap%20On%20Smile.jpg
http://www.smile-newport.com/images/veneer1.jpg
http://www.gaocdental.com/images/Services/veneers.jpg
http://z.hubpages.com/u/373507_f520.jpg
http://www.americandental.ru/pages/services/crowns/3.jpg
http://robertgougaloff.files.wordpress.com/2008/10/fixed-retrievable-denture-2.jpg
http://www.qualitydst.com/images/partial.jpg
http://www.joethedentist.com/d1after.jpg
http://www.kensingtondental.co.uk/gifs/patientsix10.jpg
http://www.nycdentist.com/images/atlas/1077a.jpg
http://www.sandbergdental.com/images/procedures/composite_resin_before_after.png
http://www.chewswisely.com/implants/Implant_Crown.jpg
http://www.dominiondentistry.com/data_crown1.jpg
http://www.clearbracesdallas.com/SnapOnSmile/case1_before.jpg
http://smilesbystutman.com/yahoo_site_admin/assets/images/11.166102615_std.jpg
http://www.johnsdental.com/images/ortho/removable/orthocorrec/Corrector.JPG
http://img.tfd.com/mosby/thumbs/500063-fx6.jpg
http://ce.compendiumlive.com/html/0306CE2McArdle/2006Mar_179_1.gif
http://www.hot-smiles.com/images/crown_s1.jpg
http://www.appletondental.ca/images/Crowns%20&%20Bridges.gif
http://camphilldentist.com/images/services_dentures.jpg
http://www.glendaledentalarts.com/images/crownprep.jpg
http://artistofsmiles.com/images/crown2_after.jpg
http://www.yellow-net.com/esquire-dental-centres/dental-implants-cases/tn_implants-05-before.jpg
http://www.implant-dent.cz/images/protetika.jpg
http://www.drmarc.com/wp-content/uploads/crownsbefore.jpg
http://www.bicon.com/cases/c_images/DC/DC39.jpg
http://www.dingdds.com/i-gallery/treatment04-04.jpg
http://implantblog.files.wordpress.com/2007/12/pre-op-close-up-hawary.jpg
http://z.hubpages.com/u/234748_f520.jpg
http://www.dochemp.com/dental/veneers2.jpg
http://drpoonamkhatry.com/images/braces.jpg
http://www.merck.com/media/mmpe/thumbnails/tn_s08c094photo02.jpg
